timestamp,target pos (1),pos (1),speed (1),load (1),current (1),temp (1),status (1),moving (1),target pos (2),pos (2),speed (2),load (2),current (2),temp (2),status (2),moving (2),target pos (3),pos (3),speed (3),load (3),current (3),temp (3),status (3),moving (3),target pos (4),pos (4),speed (4),load (4),current (4),temp (4),status (4),moving (4)
2025-12-09T16:16:01.586Z,2347,,,,,,,,1747,,,,,,,,,,,,,,,,1947,,,,,,,
2025-12-09T16:16:01.686Z,2347,2346,0,0,0,35,0,0,1747,1745,0,1052,0,35,0,0,,,,,,,,,1947,2039,32868,56,4,33,0,1
2025-12-09T16:16:01.787Z,2347,2346,0,0,0,35,0,0,1747,1745,0,1052,0,35,0,0,,,,,,,,,1947,2008,33168,88,9,33,0,1
2025-12-09T16:16:01.888Z,2347,2346,0,0,0,35,0,0,1747,1745,0,1052,0,35,0,0,,,,,,,,,1947,1970,33068,76,4,33,0,1
2025-12-09T16:16:01.989Z,2347,2346,0,0,0,35,0,0,1747,1745,0,1052,0,35,0,0,,,,,,,,,1947,1952,32868,40,3,33,0,1
2025-12-09T16:16:02.090Z,2347,2346,0,0,0,35,0,0,1747,1745,0,1052,0,35,0,0,,,,,,,,,1947,1951,0,32,2,33,0,0
2025-12-09T16:16:02.191Z,2347,2346,0,0,0,35,0,0,1747,1745,0,1052,1,35,0,0,,,,,,,,,1947,1951,0,32,2,33,0,0
2025-12-09T16:16:02.292Z,2347,2346,0,0,0,35,0,0,1747,1745,0,1052,1,35,0,0,,,,,,,,,1947,1951,0,32,2,33,0,0
2025-12-09T16:16:02.393Z,2347,2346,0,0,0,35,0,0,1747,1745,0,1052,0,35,0,0,,,,,,,,,1947,1951,0,32,2,32,0,0
2025-12-09T16:16:02.493Z,2347,2346,0,0,0,35,0,0,1747,1745,0,1052,0,35,0,0,,,,,,,,,2047,1951,0,32,2,33,0,0
2025-12-09T16:16:02.595Z,2347,2346,0,0,0,35,0,0,1747,1745,0,1052,0,35,0,0,,,,,,,,,2047,1951,0,32,2,33,0,1
2025-12-09T16:16:02.696Z,2347,2346,0,0,0,35,0,0,1747,1745,0,1052,1,35,0,0,,,,,,,,,2047,1955,100,1076,4,33,0,1
2025-12-09T16:16:02.797Z,2347,2346,0,0,0,35,0,0,1747,1745,0,1052,0,35,0,0,,,,,,,,,2047,1988,350,1108,11,33,0,1
2025-12-09T16:16:02.898Z,2347,2346,0,0,0,35,0,0,1747,1745,0,1052,1,35,0,0,,,,,,,,,2047,2026,300,1080,3,33,0,1
2025-12-09T16:16:02.999Z,2347,2346,0,0,0,35,0,0,1747,1745,0,1052,1,35,0,0,,,,,,,,,2047,2043,150,1056,2,33,0,1
2025-12-09T16:16:03.100Z,2347,2346,0,0,0,35,0,0,1747,1745,0,1052,1,35,0,0,,,,,,,,,2047,2045,0,1040,0,33,0,0
2025-12-09T16:16:03.201Z,2347,2346,0,0,0,35,0,0,1747,1745,0,1052,0,35,0,0,,,,,,,,,2047,2045,0,1040,0,33,0,0
2025-12-09T16:16:03.302Z,2347,2346,0,0,0,35,0,0,1747,1745,0,1052,1,35,0,0,,,,,,,,,2047,2045,0,1040,0,33,0,0
2025-12-09T16:16:03.403Z,2347,2346,0,0,0,35,0,0,1747,1745,0,1052,0,35,0,0,,,,,,,,,2047,2045,0,1040,0,33,0,0
2025-12-09T16:16:03.503Z,1947,2346,0,0,0,35,0,0,1747,1745,0,1052,0,35,0,0,,,,,,,,,2047,2045,0,1040,1,33,0,0
2025-12-09T16:16:03.604Z,1947,2346,0,0,0,35,0,1,1747,1745,0,1052,1,35,0,0,,,,,,,,,2047,2045,0,1040,0,33,0,0
2025-12-09T16:16:03.705Z,1947,2326,33418,166,0,35,0,1,1747,1745,0,1052,0,35,0,0,,,,,,,,,2047,2045,0,1040,0,33,0,0
2025-12-09T16:16:03.806Z,1947,2251,33668,336,8,35,0,1,1747,1745,0,1052,1,35,0,0,,,,,,,,,2047,2045,0,1040,0,33,0,0
2025-12-09T16:16:03.907Z,1947,2127,34218,379,5,35,0,1,1747,1745,0,1052,1,35,0,0,,,,,,,,,2047,2045,0,1040,0,33,0,0
2025-12-09T16:16:04.008Z,2347,2018,33668,274,7,35,0,1,1747,1745,0,1052,0,35,0,0,,,,,,,,,2047,2045,0,1040,0,33,0,0
2025-12-09T16:16:04.109Z,2347,1961,33168,129,2,35,0,1,1747,1745,0,1052,1,35,0,0,,,,,,,,,2047,2045,0,1040,0,33,0,0
2025-12-09T16:16:04.210Z,2347,1954,0,1156,3,48,0,1,1747,1745,0,1052,1,35,0,0,,,,,,,,,2047,2044,0,1048,1,33,0,0
2025-12-09T16:16:04.311Z,2347,2011,650,1277,3,35,0,1,1747,1745,0,1052,0,35,0,0,,,,,,,,,2047,2044,0,1048,1,33,0,0
2025-12-09T16:16:04.412Z,2347,2118,1250,1423,7,35,0,1,1747,1745,0,1052,1,35,0,0,,,,,,,,,2047,2044,0,1048,1,33,0,0
2025-12-09T16:16:04.513Z,2347,2242,1300,1295,0,35,0,1,1747,1745,0,1052,1,35,0,0,,,,,,,,,2047,2044,0,1048,1,33,0,0
2025-12-09T16:16:04.614Z,2347,2320,550,1169,0,35,0,1,1747,1745,0,1052,0,35,0,0,,,,,,,,,2047,2045,0,1040,1,33,0,0
2025-12-09T16:16:04.715Z,2347,2345,100,1044,0,35,0,1,1747,1745,0,1052,0,35,0,0,,,,,,,,,2047,2045,0,1040,0,33,0,0
2025-12-09T16:16:04.815Z,2347,2346,0,0,0,35,0,0,1747,1745,0,1052,1,35,0,0,,,,,,,,,2047,2045,0,1040,0,33,0,0
2025-12-09T16:16:04.916Z,2347,2346,0,0,0,35,0,0,1747,1745,0,1052,1,35,0,0,,,,,,,,,2047,2045,0,1040,0,33,0,0
2025-12-09T16:16:05.017Z,2347,2346,0,0,0,35,0,0,2147,1745,0,1052,0,35,0,0,,,,,,,,,2047,2045,0,1040,1,33,0,0
2025-12-09T16:16:05.118Z,2347,2346,0,0,0,35,0,0,2147,1745,0,1077,1,35,0,1,,,,,,,,,2047,2045,0,1040,0,33,0,0
2025-12-09T16:16:05.219Z,2347,2346,0,0,0,35,0,0,2147,1776,450,1231,4,35,0,1,,,,,,,,,2047,2045,0,1040,0,33,0,0
2025-12-09T16:16:05.320Z,2347,2346,0,0,0,35,0,0,2147,1859,1000,1377,9,35,0,1,,,,,,,,,2047,2045,0,1040,0,33,0,0
2025-12-09T16:16:05.421Z,2347,2346,0,0,0,35,0,0,2147,1986,1300,1394,6,35,0,1,,,,,,,,,2047,2050,50,24,1,33,0,0
2025-12-09T16:16:05.522Z,2347,2346,0,0,0,35,0,0,1747,2087,800,1269,5,35,0,1,,,,,,,,,2047,2049,0,16,0,33,0,0
2025-12-09T16:16:05.623Z,2347,2346,0,0,0,35,0,0,1747,2136,300,1132,3,35,0,1,,,,,,,,,2047,2049,0,16,0,33,0,0
2025-12-09T16:16:05.724Z,2347,2346,0,0,0,35,0,0,1747,2132,33018,115,1,35,0,1,,,,,,,,,2047,2049,0,16,0,33,0,0
2025-12-09T16:16:05.825Z,2347,2346,0,0,0,35,0,0,1747,2070,33568,261,3,35,0,1,,,,,,,,,2047,2049,0,16,0,33,0,0
2025-12-09T16:16:05.926Z,2347,2346,0,0,0,35,0,0,1747,1957,34068,411,8,35,0,1,,,,,,,,,2047,2049,0,16,0,33,0,0
2025-12-09T16:16:06.027Z,2347,2346,0,0,0,35,0,0,1747,1840,33718,303,6,35,0,1,,,,,,,,,2047,2046,32818,1032,0,33,0,0
2025-12-09T16:16:06.127Z,2347,2346,0,0,0,35,0,0,1747,1767,33268,124,1,35,0,1,,,,,,,,,2047,2046,0,1032,0,33,0,0
2025-12-09T16:16:06.227Z,2347,2346,0,0,0,35,0,0,1747,1748,0,0,0,35,0,0,,,,,,,,,2047,2046,0,1032,0,33,0,0
2025-12-09T16:16:06.329Z,2347,2346,0,0,0,35,0,0,1747,1748,0,0,0,35,0,0,,,,,,,,,2047,2046,0,1032,1,33,0,0
2025-12-09T16:16:06.430Z,2347,2346,0,0,0,35,0,0,1747,1748,0,0,0,35,0,0,,,,,,,,,2047,2046,0,1032,0,33,0,0
2025-12-09T16:16:06.530Z,1947,2346,0,0,0,35,0,0,1747,1748,0,0,0,35,0,0,,,,,,,,,2047,2046,0,1032,0,33,0,0
2025-12-09T16:16:06.631Z,1947,2346,0,41,1,35,0,1,1747,1748,0,0,0,35,0,0,,,,,,,,,2047,2046,0,1032,0,33,0,0
2025-12-09T16:16:06.732Z,1947,2313,33368,191,3,35,0,1,1747,1748,0,0,0,35,0,0,,,,,,,,,2047,2046,0,1032,0,33,0,0
2025-12-09T16:16:06.833Z,1947,2228,33768,365,9,35,0,1,1747,1748,0,0,0,35,0,0,,,,,,,,,2047,2046,0,1032,0,33,0,0
2025-12-09T16:16:06.934Z,1947,2098,34018,362,6,35,0,1,1747,1748,0,0,0,35,0,0,,,,,,,,,2047,2046,0,1032,0,33,0,0
2025-12-09T16:16:07.035Z,2347,2001,33568,233,4,35,0,1,1747,1748,0,0,0,35,0,0,,,,,,,,,2047,2045,0,1040,1,33,0,0
2025-12-09T16:16:07.136Z,2347,1955,33068,91,2,35,0,1,1747,1748,0,0,0,35,0,0,,,,,,,,,2047,2045,0,1040,0,33,0,0
2025-12-09T16:16:07.236Z,2347,1963,300,1164,2,35,0,1,1747,1748,0,0,0,35,0,0,,,,,,,,,2047,2045,0,1040,1,33,0,0
2025-12-09T16:16:07.337Z,2347,2030,800,1302,7,35,0,1,1747,1748,0,0,0,35,0,0,,,,,,,,,2047,2045,0,1040,0,33,0,0
2025-12-09T16:16:07.438Z,2347,2146,1250,1423,6,35,0,1,1747,1748,0,0,0,35,0,0,,,,,,,,,2047,2045,0,1040,1,33,0,0
2025-12-09T16:16:07.538Z,2347,2265,1250,1249,0,35,0,1,1747,1748,0,0,0,35,0,0,,,,,,,,,2047,2046,50,1032,0,33,0,0
2025-12-09T16:16:07.639Z,2347,2329,500,1144,0,35,0,1,1747,1748,0,0,0,35,0,0,,,,,,,,,2047,2046,0,1032,0,33,0,0
2025-12-09T16:16:07.740Z,2347,2345,50,1048,0,35,0,1,1747,1748,0,0,0,35,0,0,,,,,,,,,2047,2046,0,1032,0,33,0,0
2025-12-09T16:16:07.841Z,2347,2346,0,0,0,35,0,0,1747,1748,0,0,0,35,0,0,,,,,,,,,2047,2046,0,1032,0,33,0,0
2025-12-09T16:16:07.942Z,2347,2346,0,0,0,35,0,0,1747,1748,0,0,0,35,0,0,,,,,,,,,2047,2046,0,1032,0,33,0,0
2025-12-09T16:16:08.043Z,2347,2346,0,0,0,35,0,0,1747,1748,0,0,0,35,0,0,,,,,,,,,2147,2046,0,1032,0,33,0,0
2025-12-09T16:16:08.144Z,2347,2346,0,0,0,35,0,0,1747,1748,0,0,0,35,0,0,,,,,,,,,2147,2047,0,1056,2,33,0,1
2025-12-09T16:16:08.244Z,2347,2346,0,0,0,35,0,0,1747,1748,0,0,0,35,0,0,,,,,,,,,2147,2067,250,1104,9,33,0,1
2025-12-09T16:16:08.345Z,2347,2346,0,0,0,35,0,0,1747,1748,0,0,0,35,0,0,,,,,,,,,2147,2107,400,1100,8,33,0,1
2025-12-09T16:16:08.445Z,2347,2346,0,0,0,35,0,0,1747,1748,0,0,0,35,0,0,,,,,,,,,2147,2135,200,1080,4,33,0,1
2025-12-09T16:16:08.546Z,2347,2346,0,0,0,35,0,0,1747,1748,0,0,0,35,0,0,,,,,,,,,2147,2143,50,1056,1,33,0,1
2025-12-09T16:16:08.647Z,2347,2346,0,0,0,35,0,0,1747,1748,0,0,0,35,0,0,,,,,,,,,2147,2144,0,1048,1,33,0,0
2025-12-09T16:16:08.748Z,2347,2346,0,0,0,35,0,0,1747,1748,0,0,0,35,0,0,,,,,,,,,2147,2144,0,1048,1,33,0,0
2025-12-09T16:16:08.849Z,2347,2346,0,0,0,35,0,0,1747,1748,0,0,0,35,0,0,,,,,,,,,2147,2144,0,1048,1,33,0,0
2025-12-09T16:16:08.950Z,2347,2346,0,0,0,35,0,0,1747,1748,0,0,0,35,0,0,,,,,,,,,2147,2144,0,1048,1,33,0,0
2025-12-09T16:16:09.051Z,2347,2346,0,0,0,35,0,0,1747,1748,0,0,0,35,0,0,,,,,,,,,2047,2144,0,1048,1,33,0,0
2025-12-09T16:16:09.152Z,2347,2346,0,0,0,35,0,0,1747,1748,0,0,0,35,0,0,,,,,,,,,2047,2143,0,16,0,33,0,1
2025-12-09T16:16:09.253Z,2347,2346,0,0,0,35,0,0,1747,1748,0,0,0,35,0,0,,,,,,,,,2047,2124,33068,80,7,33,0,1
2025-12-09T16:16:09.354Z,2347,2346,0,0,0,35,0,0,1747,1748,0,0,0,35,0,0,,,,,,,,,2047,2084,33218,92,8,33,0,1
2025-12-09T16:16:09.455Z,2347,2346,0,0,0,35,0,0,1747,1748,0,0,0,35,0,0,,,,,,,,,2047,2056,32968,48,3,33,0,1
2025-12-09T16:16:09.556Z,2347,2346,0,0,0,35,0,0,1747,1748,0,0,0,35,0,0,,,,,,,,,2047,2049,32818,16,1,33,0,0
2025-12-09T16:16:09.657Z,2347,2346,0,0,0,35,0,0,1747,1748,0,0,0,35,0,0,,,,,,,,,2047,2049,0,16,0,33,0,0
2025-12-09T16:16:09.758Z,2347,2346,0,0,0,35,0,0,1747,1748,0,0,0,35,0,0,,,,,,,,,2047,2049,0,16,0,33,0,0
2025-12-09T16:16:09.858Z,2347,2346,0,0,0,35,0,0,1747,1748,0,0,0,35,0,0,,,,,,,,,2047,2049,0,16,0,33,0,0
2025-12-09T16:16:09.959Z,2347,2346,0,0,0,35,0,0,1747,1748,0,0,0,35,0,0,,,,,,,,,2047,2049,0,16,0,33,0,0
2025-12-09T16:16:10.059Z,2347,2346,0,0,0,35,0,0,2147,1748,0,0,0,35,0,0,,,,,,,,,2047,2049,0,16,1,33,0,0
2025-12-09T16:16:10.161Z,2347,2346,0,0,0,35,0,0,2147,1748,0,1189,7,35,0,1,,,,,,,,,2047,2049,0,16,0,33,0,0
2025-12-09T16:16:10.262Z,2347,2346,0,0,0,35,0,0,2147,1803,700,1269,8,35,0,1,,,,,,,,,2047,2049,0,16,0,33,0,0
2025-12-09T16:16:10.363Z,2347,2346,0,0,0,35,0,0,2147,1905,1150,1439,12,35,0,1,,,,,,,,,2047,2049,0,16,0,33,0,0
2025-12-09T16:16:10.463Z,2347,2346,0,0,0,35,0,0,2147,2031,1150,1344,7,35,0,1,,,,,,,,,2047,2049,0,16,0,33,0,0
2025-12-09T16:16:10.564Z,2347,2346,0,0,0,35,0,0,1747,2112,650,1215,5,35,0,1,,,,,,,,,2047,2049,0,16,1,33,0,0
2025-12-09T16:16:10.665Z,2347,2346,0,0,0,35,0,0,1747,2141,150,1053,1,35,0,1,,,,,,,,,2047,2049,0,16,0,33,0,0
2025-12-09T16:16:10.766Z,2347,2346,0,0,0,35,0,0,1747,2114,33218,174,2,35,0,1,,,,,,,,,2047,2049,0,16,0,33,0,0
2025-12-09T16:16:10.866Z,2347,2346,0,0,0,35,0,0,1747,2033,33668,328,5,35,0,1,,,,,,,,,2047,2049,0,16,0,33,0,0
2025-12-09T16:16:10.967Z,2347,2346,0,0,0,35,0,0,1747,1905,34168,316,0,35,0,1,,,,,,,,,2047,2049,0,16,1,33,0,0
2025-12-09T16:16:11.068Z,2347,2346,0,0,0,35,0,0,1747,1804,33768,187,0,35,0,1,,,,,,,,,2047,2049,0,16,0,33,0,0
2025-12-09T16:16:11.170Z,2347,2346,0,0,0,35,0,0,1747,1753,33168,58,0,35,0,1,,,,,,,,,2047,2049,0,16,0,33,0,0
2025-12-09T16:16:11.271Z,2347,2346,0,0,0,35,0,0,1747,1748,0,0,0,35,0,0,,,,,,,,,2047,2049,0,16,0,33,0,0
2025-12-09T16:16:11.372Z,2347,2346,0,0,0,35,0,0,1747,1748,0,0,0,35,0,0,,,,,,,,,2047,2049,0,16,0,33,0,0
2025-12-09T16:16:11.473Z,2347,2346,0,0,0,35,0,0,1747,1748,0,0,0,35,0,0,,,,,,,,,2047,2049,0,16,1,33,0,0
2025-12-09T16:16:11.573Z,1947,2346,0,0,0,35,0,0,1747,1748,0,0,0,35,0,0,,,,,,,,,2047,2049,0,16,0,33,0,0
2025-12-09T16:16:11.674Z,1947,2346,0,215,8,35,0,1,1747,1748,0,0,0,35,0,0,,,,,,,,,2047,2049,0,16,0,33,0,0
2025-12-09T16:16:11.775Z,1947,2287,33418,278,9,35,0,1,1747,1748,0,0,0,35,0,0,,,,,,,,,2047,2049,0,16,0,33,0,0
2025-12-09T16:16:11.876Z,1947,2182,33918,428,12,35,0,1,1747,1748,0,0,0,35,0,0,,,,,,,,,2047,2049,0,16,0,33,0,0
2025-12-09T16:16:11.977Z,1947,2055,33868,308,5,35,0,1,1747,1748,0,0,0,35,0,0,,,,,,,,,2047,2043,32868,1056,1,33,0,0
2025-12-09T16:16:12.078Z,2347,1977,33418,179,5,35,0,1,1747,1748,0,0,0,35,0,0,,,,,,,,,2047,2044,0,1048,1,33,0,0
2025-12-09T16:16:12.179Z,2347,1952,32918,0,0,35,0,1,1747,1748,0,0,0,35,0,0,,,,,,,,,2047,2044,0,1048,1,33,0,0
2025-12-09T16:16:12.280Z,2347,1983,500,1214,2,35,0,1,1747,1748,0,0,0,35,0,0,,,,,,,,,2047,2044,0,1048,1,33,0,0
2025-12-09T16:16:12.381Z,2347,2070,1050,1356,6,35,0,1,1747,1748,0,0,0,35,0,0,,,,,,,,,2047,2044,0,1048,1,33,0,0
2025-12-09T16:16:12.482Z,2347,2196,1100,1410,8,35,0,1,1747,1748,0,0,0,35,0,0,,,,,,,,,2047,2044,0,1048,1,33,0,0
2025-12-09T16:16:12.583Z,2347,2297,800,1203,2,35,0,1,1747,1748,0,0,0,35,0,0,,,,,,,,,2047,2046,50,1032,0,33,0,0
2025-12-09T16:16:12.684Z,2347,2341,250,1086,1,35,0,1,1747,1748,0,0,0,35,0,0,,,,,,,,,2047,2046,0,1032,0,33,0,0
2025-12-09T16:16:12.785Z,2347,2346,0,0,0,35,0,0,1747,1748,0,0,0,35,0,0,,,,,,,,,2047,2046,0,1032,0,33,0,0
2025-12-09T16:16:12.886Z,2347,2346,0,0,0,35,0,0,1747,1748,0,0,0,35,0,0,,,,,,,,,2047,2046,0,1032,0,33,0,0
2025-12-09T16:16:12.987Z,2347,2346,0,0,0,35,0,0,1747,1748,0,0,0,35,0,0,,,,,,,,,2047,2046,0,1032,0,33,0,0
2025-12-09T16:16:13.088Z,2347,2346,0,0,0,35,0,0,2147,1748,0,0,1,35,0,0,,,,,,,,,2047,2046,0,1032,0,33,0,0
2025-12-09T16:16:13.188Z,2347,2346,0,0,0,35,0,0,2147,1751,0,1230,7,35,0,1,,,,,,,,,2047,2046,0,1032,0,33,0,0
2025-12-09T16:16:13.290Z,2347,2346,0,0,0,35,0,0,2147,1815,750,1285,4,35,0,1,,,,,,,,,2047,2046,0,1032,0,33,0,0
2025-12-09T16:16:13.391Z,2347,2346,0,0,0,35,0,0,2147,1924,1250,1448,14,35,0,1,,,,,,,,,2047,2050,200,24,1,33,0,0
2025-12-09T16:16:13.492Z,2347,2346,0,0,0,35,0,0,2147,2046,1100,1332,8,35,0,1,,,,,,,,,2047,2049,0,16,0,33,0,0
2025-12-09T16:16:13.593Z,2347,2346,0,0,0,35,0,0,1747,2120,550,1198,4,35,0,1,,,,,,,,,2047,2049,0,16,0,33,0,0
2025-12-09T16:16:13.694Z,2347,2346,0,0,0,35,0,0,1747,2141,50,28,0,35,0,1,,,,,,,,,2047,2049,0,16,0,33,0,0
2025-12-09T16:16:13.794Z,2347,2346,0,0,0,35,0,0,1747,2105,33318,186,3,35,0,1,,,,,,,,,2047,2049,0,16,0,33,0,0
2025-12-09T16:16:13.894Z,2347,2346,0,0,0,35,0,0,1747,2015,33918,332,5,35,0,1,,,,,,,,,2047,2049,0,16,0,33,0,0
2025-12-09T16:16:13.996Z,2347,2346,0,0,0,35,0,0,1747,1885,34018,308,1,35,0,1,,,,,,,,,2047,2048,0,8,0,33,0,0
2025-12-09T16:16:14.097Z,2347,2346,0,0,0,35,0,0,1747,1792,33618,158,0,35,0,1,,,,,,,,,2047,2046,0,1032,0,33,0,0
2025-12-09T16:16:14.199Z,2347,2346,0,0,0,35,0,0,1747,1750,33018,29,0,35,0,1,,,,,,,,,2047,2046,0,1032,0,33,0,0
2025-12-09T16:16:14.299Z,2347,2346,0,0,0,35,0,0,1747,1748,0,0,0,35,0,0,,,,,,,,,2047,2046,0,1032,0,33,0,0
2025-12-09T16:16:14.401Z,2347,2346,0,0,0,35,0,0,1747,1748,0,0,0,35,0,0,,,,,,,,,2047,2046,0,1032,0,33,0,0
2025-12-09T16:16:14.502Z,2347,2346,0,0,0,35,0,0,1747,1748,0,0,0,35,0,0,,,,,,,,,1947,2046,0,1032,0,33,0,0
2025-12-09T16:16:14.603Z,2347,2346,0,0,0,35,0,0,1747,1748,0,0,0,35,0,0,,,,,,,,,1947,2046,0,0,0,33,0,1
2025-12-09T16:16:14.704Z,2347,2346,0,0,0,35,0,0,1747,1748,0,0,0,35,0,0,,,,,,,,,1947,2038,32968,64,5,33,0,1
2025-12-09T16:16:14.804Z,2347,2346,0,0,0,35,0,0,1747,1748,0,0,0,35,0,0,,,,,,,,,1947,2005,33168,96,10,33,0,1
2025-12-09T16:16:14.906Z,2347,2346,0,0,0,35,0,0,1747,1746,50,20,0,35,0,0,,,,,,,,,1947,1968,33068,72,7,33,0,1
2025-12-09T16:16:15.006Z,2347,2346,0,0,0,35,0,0,1747,1745,32818,1056,1,35,0,0,,,,,,,,,1947,1951,32868,32,1,33,0,1
2025-12-09T16:16:15.106Z,2347,2346,0,0,0,35,0,0,1747,1745,0,1052,0,35,0,0,,,,,,,,,1947,1951,0,32,2,33,0,0
2025-12-09T16:16:15.207Z,2347,2346,0,0,0,35,0,0,1747,1745,0,1052,0,35,0,0,,,,,,,,,1947,1951,0,32,2,33,0,0
2025-12-09T16:16:15.308Z,2347,2346,0,0,0,35,0,0,1747,1745,0,1052,0,35,0,0,,,,,,,,,1947,1951,0,32,2,33,0,0
2025-12-09T16:16:15.409Z,2347,2346,0,0,0,35,0,0,1747,1745,0,1052,1,35,0,0,,,,,,,,,1947,1951,0,32,3,33,0,0
2025-12-09T16:16:15.510Z,2347,2346,0,0,0,35,0,0,1747,1745,0,1052,1,35,0,0,,,,,,,,,2047,1951,0,32,2,33,0,0
2025-12-09T16:16:15.611Z,2347,2346,0,0,0,35,0,0,1747,1745,0,1052,0,35,0,0,,,,,,,,,2047,1951,0,32,2,33,0,1
2025-12-09T16:16:15.711Z,2347,2346,0,0,0,35,0,0,1747,1745,0,1052,0,35,0,0,,,,,,,,,2047,1956,200,1100,5,33,0,1
2025-12-09T16:16:15.812Z,2347,2346,0,0,0,35,0,0,1747,1745,0,1052,1,35,0,0,,,,,,,,,2047,1990,450,1120,13,33,0,1
2025-12-09T16:16:15.913Z,2347,2346,0,0,0,35,0,0,1747,1745,0,1052,1,35,0,0,,,,,,,,,2047,2028,250,1076,5,33,0,1
2025-12-09T16:16:16.014Z,2347,2346,0,0,0,35,0,0,1747,1745,0,1052,0,35,0,0,,,,,,,,,2047,2044,100,1048,1,33,0,1
2025-12-09T16:16:16.115Z,2347,2346,0,0,0,35,0,0,1747,1745,0,1052,1,35,0,0,,,,,,,,,2047,2045,0,1040,0,33,0,0
2025-12-09T16:16:16.216Z,2347,2346,0,0,0,35,0,0,1747,1745,0,1052,1,35,0,0,,,,,,,,,2047,2045,0,1040,0,33,0,0
2025-12-09T16:16:16.316Z,2347,2346,0,0,0,35,0,0,1747,1745,0,1052,0,35,0,0,,,,,,,,,2047,2045,0,1040,1,33,0,0
2025-12-09T16:16:16.418Z,2347,2346,0,0,0,35,0,0,1747,1745,0,1052,1,35,0,0,,,,,,,,,2047,2045,0,1040,0,33,0,0
2025-12-09T16:16:16.519Z,2347,2346,0,0,0,35,0,0,1747,1745,0,1052,0,35,0,0,,,,,,,,,2047,2045,0,1040,0,33,0,0
2025-12-09T16:16:16.620Z,1947,2346,0,0,0,35,0,0,1747,1745,0,1052,1,35,0,0,,,,,,,,,2047,2045,0,1040,1,33,0,0
2025-12-09T16:16:16.721Z,1947,2345,32818,252,9,35,0,1,1747,1745,0,1052,1,35,0,0,,,,,,,,,2047,2045,0,1040,0,33,0,0
2025-12-09T16:16:16.821Z,1947,2278,33568,286,8,35,0,1,1747,1745,0,1052,0,35,0,0,,,,,,,,,2047,2045,0,1040,0,33,0,0
2025-12-09T16:16:16.923Z,1947,2169,34018,440,14,35,0,1,1747,1745,0,1052,0,35,0,0,,,,,,,,,2047,2045,0,1040,1,33,0,0
2025-12-09T16:16:17.023Z,1947,2044,33818,295,6,35,0,1,1747,1745,0,1052,0,35,0,0,,,,,,,,,2047,2045,0,1040,1,33,0,0
2025-12-09T16:16:17.123Z,2347,1972,33318,154,3,35,0,1,1747,1745,0,1052,1,35,0,0,,,,,,,,,2047,2045,0,1040,1,33,0,0
2025-12-09T16:16:17.224Z,2347,1952,0,1052,0,35,0,1,1747,1745,0,1052,0,35,0,0,,,,,,,,,2047,2044,0,1048,1,33,0,0
2025-12-09T16:16:17.325Z,2347,1988,550,1231,3,35,0,1,1747,1745,0,1052,0,35,0,0,,,,,,,,,2047,2044,0,1048,1,33,0,0
2025-12-09T16:16:17.425Z,2347,2079,1000,1377,5,35,0,1,1747,1745,0,1052,0,35,0,0,,,,,,,,,2047,2044,0,1048,1,33,0,0
2025-12-09T16:16:17.527Z,2347,2200,1200,1469,16,35,0,1,1747,1745,0,1052,0,35,0,0,,,,,,,,,2047,2044,0,1048,1,33,0,0
2025-12-09T16:16:17.627Z,2347,2302,750,1203,1,35,0,1,1747,1745,0,1052,1,35,0,0,,,,,,,,,2047,2045,0,1040,0,33,0,0
2025-12-09T16:16:17.729Z,2347,2343,250,1073,0,35,0,1,1747,1745,0,1052,0,35,0,0,,,,,,,,,2047,2045,0,1040,0,33,0,0
2025-12-09T16:16:17.830Z,2347,2345,0,1052,1,35,0,0,1747,1745,0,1052,1,35,0,0,,,,,,,,,2047,2045,0,1040,0,33,0,0
2025-12-09T16:16:17.931Z,2347,2345,0,1052,1,35,0,0,1747,1745,0,1052,1,35,0,0,,,,,,,,,2047,2045,0,1040,1,33,0,0
2025-12-09T16:16:18.031Z,2347,2346,0,0,0,35,0,0,2147,1745,0,1052,1,35,0,0,,,,,,,,,2047,2045,0,1040,0,33,0,0
2025-12-09T16:16:18.132Z,2347,2346,0,0,0,35,0,0,2147,1745,0,1052,1,35,0,1,,,,,,,,,2047,2045,0,1040,0,33,0,0
2025-12-09T16:16:18.233Z,2347,2346,0,0,0,35,0,0,2147,1766,350,1185,3,46,0,1,,,,,,,,,2047,2045,0,1040,0,33,0,0
2025-12-09T16:16:18.334Z,2347,2346,0,0,0,35,0,0,2147,1838,850,1339,8,34,0,1,,,,,,,,,2047,2045,0,1040,0,33,0,0
2025-12-09T16:16:18.436Z,2347,2346,0,0,0,35,0,0,2147,1961,1400,1411,7,35,0,1,,,,,,,,,2047,2047,0,4,0,33,0,0
2025-12-09T16:16:18.536Z,2347,2346,0,0,0,35,0,0,1747,2070,850,1311,6,35,0,1,,,,,,,,,2047,2049,0,16,0,33,0,0
2025-12-09T16:16:18.636Z,2347,2346,0,0,0,35,0,0,1747,2130,350,1173,4,35,0,1,,,,,,,,,2047,2049,0,16,0,33,0,0
2025-12-09T16:16:18.738Z,2347,2346,0,0,0,35,0,0,1747,2139,0,111,2,35,0,1,,,,,,,,,2047,2049,0,16,0,33,0,0
2025-12-09T16:16:18.839Z,2347,2346,0,0,0,35,0,0,1747,2087,33468,232,3,35,0,1,,,,,,,,,2047,2049,0,16,1,33,0,0
2025-12-09T16:16:18.939Z,2347,2346,0,0,0,35,0,0,1747,1984,33918,390,8,35,0,1,,,,,,,,,2047,2049,0,16,0,33,0,0
2025-12-09T16:16:19.040Z,2347,2346,0,0,0,35,0,0,1747,1857,33868,299,4,35,0,1,,,,,,,,,2047,2046,32868,1032,0,33,0,0
2025-12-09T16:16:19.141Z,2347,2346,0,0,0,35,0,0,1747,1777,33418,145,2,35,0,1,,,,,,,,,2047,2046,0,1032,0,33,0,0
2025-12-09T16:16:19.242Z,2347,2346,0,0,0,35,0,0,1747,1748,32918,1052,0,35,0,1,,,,,,,,,2047,2046,0,1032,0,33,0,0
2025-12-09T16:16:19.342Z,2347,2346,0,0,0,35,0,0,1747,1748,0,0,0,35,0,0,,,,,,,,,2047,2046,0,1032,0,33,0,0
2025-12-09T16:16:19.444Z,2347,2346,0,0,0,35,0,0,1747,1748,0,0,0,35,0,0,,,,,,,,,2047,2046,0,1032,0,33,0,0
2025-12-09T16:16:19.545Z,2347,2346,0,0,0,35,0,0,1747,1748,0,0,0,35,0,0,,,,,,,,,2047,2046,0,1032,0,33,0,0
2025-12-09T16:16:19.644Z,1947,2346,0,0,0,35,0,0,1747,1748,0,0,0,35,0,0,,,,,,,,,2047,2046,0,1032,0,33,0,0
2025-12-09T16:16:19.746Z,1947,2345,0,252,8,35,0,1,1747,1748,0,0,0,35,0,0,,,,,,,,,2047,2046,0,1032,0,33,0,0
2025-12-09T16:16:19.847Z,1947,2279,33468,286,6,35,0,1,1747,1748,0,0,0,35,0,0,,,,,,,,,2047,2046,0,1032,0,33,0,0
2025-12-09T16:16:19.948Z,1947,2169,33968,444,16,35,0,1,1747,1748,0,0,0,35,0,0,,,,,,,,,2047,2046,0,1032,0,33,0,0
2025-12-09T16:16:20.049Z,1947,2045,33918,295,5,35,0,1,1747,1748,0,0,0,35,0,0,,,,,,,,,2047,2045,0,1040,1,33,0,0
2025-12-09T16:16:20.150Z,2347,1972,33318,162,5,35,0,1,1747,1748,0,0,0,35,0,0,,,,,,,,,2047,2045,0,1040,0,33,0,0
2025-12-09T16:16:20.251Z,2347,1952,0,1048,0,35,0,1,1747,1748,0,0,1,35,0,0,,,,,,,,,2047,2045,0,1040,0,33,0,0
2025-12-09T16:16:20.352Z,2347,1989,600,1223,3,35,0,1,1747,1748,0,0,0,35,0,0,,,,,,,,,2047,2045,0,1040,1,33,0,0
2025-12-09T16:16:20.453Z,2347,2080,1050,1377,7,35,0,1,1747,1748,0,0,0,35,0,0,,,,,,,,,2047,2045,0,1040,0,33,0,0
2025-12-09T16:16:20.553Z,2347,2201,950,1489,23,35,0,1,1747,1748,0,0,0,35,0,0,,,,,,,,,2047,2045,0,1040,0,33,0,0
2025-12-09T16:16:20.654Z,2347,2303,750,1194,2,35,0,1,1747,1748,0,0,0,35,0,0,,,,,,,,,2047,2046,0,1032,0,33,0,0
2025-12-09T16:16:20.754Z,2347,2343,250,1061,0,35,0,1,1747,1748,0,0,0,35,0,0,,,,,,,,,2047,2046,0,1032,0,33,0,0
2025-12-09T16:16:20.855Z,2347,2345,0,1052,1,35,0,0,1747,1748,0,0,0,35,0,0,,,,,,,,,2047,2046,0,1032,0,33,0,0
2025-12-09T16:16:20.956Z,2347,2345,0,1052,1,35,0,0,1747,1748,0,0,0,35,0,0,,,,,,,,,2047,2046,0,1032,0,33,0,0
2025-12-09T16:16:21.057Z,2347,2345,0,1052,0,35,0,0,1747,1748,0,0,0,35,0,0,,,,,,,,,2147,2046,0,1032,0,33,0,0
2025-12-09T16:16:21.158Z,2347,2346,0,0,0,35,0,0,1747,1748,0,0,0,35,0,0,,,,,,,,,2147,2048,50,1056,2,33,0,1
2025-12-09T16:16:21.259Z,2347,2346,0,0,0,35,0,0,1747,1748,0,0,0,35,0,0,,,,,,,,,2147,2070,300,1092,8,33,0,1
2025-12-09T16:16:21.360Z,2347,2346,0,0,0,35,0,0,1747,1748,0,0,0,35,0,0,,,,,,,,,2147,2110,450,1104,7,33,0,1
2025-12-09T16:16:21.460Z,2347,2346,0,0,0,35,0,0,1747,1748,0,0,0,35,0,0,,,,,,,,,2147,2136,200,1080,4,33,0,1
2025-12-09T16:16:21.561Z,2347,2346,0,0,0,35,0,0,1747,1748,0,0,0,35,0,0,,,,,,,,,2147,2144,0,1048,1,33,0,0
2025-12-09T16:16:21.662Z,2347,2346,0,0,0,35,0,0,1747,1748,0,0,0,35,0,0,,,,,,,,,2147,2144,0,1048,1,33,0,0
2025-12-09T16:16:21.763Z,2347,2346,0,0,0,35,0,0,1747,1748,0,0,0,35,0,0,,,,,,,,,2147,2144,0,1048,1,33,0,0
2025-12-09T16:16:21.864Z,2347,2346,0,0,0,35,0,0,1747,1748,0,0,0,35,0,0,,,,,,,,,2147,2144,0,1048,1,33,0,0
2025-12-09T16:16:21.965Z,2347,2346,0,0,0,35,0,0,1747,1748,0,0,0,35,0,0,,,,,,,,,2147,2144,0,1048,0,33,0,0
2025-12-09T16:16:22.066Z,2347,2346,0,0,0,35,0,0,1747,1748,0,0,0,35,0,0,,,,,,,,,2047,2144,0,1048,1,33,0,0
2025-12-09T16:16:22.166Z,2347,2346,0,0,0,35,0,0,1747,1748,0,0,0,35,0,0,,,,,,,,,2047,2142,32818,28,0,33,0,1
2025-12-09T16:16:22.266Z,2347,2346,0,0,0,35,0,0,1747,1748,0,0,0,35,0,0,,,,,,,,,2047,2122,33068,80,6,33,0,1
2025-12-09T16:16:22.368Z,2347,2346,0,0,0,35,0,0,1747,1748,0,0,0,35,0,0,,,,,,,,,2047,2083,33168,88,9,33,0,1
2025-12-09T16:16:22.469Z,2347,2346,0,0,0,35,0,0,1747,1748,0,0,0,35,0,0,,,,,,,,,2047,2055,32968,48,3,33,0,1
2025-12-09T16:16:22.570Z,2347,2346,0,0,0,35,0,0,1747,1748,0,0,0,35,0,0,,,,,,,,,2047,2050,0,24,1,33,0,0
2025-12-09T16:16:22.671Z,2347,2346,0,0,0,35,0,0,1747,1748,0,0,0,35,0,0,,,,,,,,,2047,2050,0,24,0,33,0,0
2025-12-09T16:16:22.771Z,2347,2346,0,0,0,35,0,0,1747,1748,0,0,0,35,0,0,,,,,,,,,2047,2050,0,24,1,33,0,0
2025-12-09T16:16:22.873Z,2347,2346,0,0,0,35,0,0,1747,1748,0,0,0,35,0,0,,,,,,,,,2047,2050,0,24,1,33,0,0
2025-12-09T16:16:22.974Z,2347,2346,0,0,0,35,0,0,1747,1748,0,0,0,35,0,0,,,,,,,,,2047,2050,0,24,1,33,0,0
2025-12-09T16:16:23.075Z,2347,2346,0,0,0,35,0,0,2147,1748,0,0,0,35,0,0,,,,,,,,,2047,2050,0,24,1,33,0,0
2025-12-09T16:16:23.176Z,2347,2346,0,0,0,35,0,0,2147,1748,0,1114,3,35,0,1,,,,,,,,,2047,2050,0,24,1,33,0,0
2025-12-09T16:16:23.277Z,2347,2346,0,0,0,35,0,0,2147,1789,500,1268,5,35,0,1,,,,,,,,,2047,2050,0,24,0,33,0,0
2025-12-09T16:16:23.377Z,2347,2346,0,0,0,35,0,0,2147,1883,1100,1394,10,35,0,1,,,,,,,,,2047,2050,0,24,1,33,0,0
2025-12-09T16:16:23.477Z,2347,2346,0,0,0,35,0,0,2147,2011,1250,1369,7,35,0,1,,,,,,,,,2047,2050,0,24,1,33,0,0
2025-12-09T16:16:23.579Z,2347,2346,0,0,0,35,0,0,1747,2101,800,1228,5,35,0,1,,,,,,,,,2047,2050,0,24,1,33,0,0
2025-12-09T16:16:23.679Z,2347,2346,0,0,0,35,0,0,1747,2140,250,1094,2,35,0,1,,,,,,,,,2047,2050,0,24,1,33,0,0
2025-12-09T16:16:23.779Z,2347,2346,0,0,0,35,0,0,1747,2124,33118,149,1,35,0,1,,,,,,,,,2047,2050,0,24,1,33,0,0
2025-12-09T16:16:23.879Z,2347,2346,0,0,0,35,0,0,1747,2053,33668,282,4,35,0,1,,,,,,,,,2047,2050,0,24,1,33,0,0
2025-12-09T16:16:23.980Z,2347,2346,0,0,0,35,0,0,1747,1931,34118,366,3,35,0,1,,,,,,,,,2047,2050,0,24,1,33,0,0
2025-12-09T16:16:24.081Z,2347,2346,0,0,0,35,0,0,1747,1824,33518,299,2,35,0,1,,,,,,,,,2047,2050,0,24,1,33,0,0
2025-12-09T16:16:24.182Z,2347,2346,0,0,0,35,0,0,1747,1759,33218,75,1,35,0,1,,,,,,,,,2047,2050,0,24,1,33,0,0
2025-12-09T16:16:24.283Z,2347,2346,0,0,0,35,0,0,1747,1748,0,0,0,35,0,0,,,,,,,,,2047,2050,0,24,0,33,0,0
2025-12-09T16:16:24.384Z,2347,2346,0,0,0,35,0,0,1747,1748,0,0,0,35,0,0,,,,,,,,,2047,2050,0,24,1,33,0,0
2025-12-09T16:16:24.485Z,2347,2346,0,0,0,35,0,0,1747,1748,0,0,0,35,0,0,,,,,,,,,2047,2050,0,24,1,33,0,0
2025-12-09T16:16:24.586Z,1947,2346,0,0,0,35,0,0,1747,1748,0,0,0,35,0,0,,,,,,,,,2047,2050,0,24,1,33,0,0
2025-12-09T16:16:24.687Z,1947,2346,0,0,0,35,0,1,1747,1748,0,0,0,35,0,0,,,,,,,,,2047,2050,0,24,1,33,0,0
2025-12-09T16:16:24.789Z,1947,2321,33418,174,1,35,0,1,1747,1748,0,0,0,35,0,0,,,,,,,,,2047,2050,0,24,1,33,0,0
2025-12-09T16:16:24.890Z,1947,2244,33668,357,11,35,0,1,1747,1748,0,0,0,35,0,0,,,,,,,,,2047,2050,0,24,0,33,0,0
2025-12-09T16:16:24.991Z,1947,2117,34118,383,7,35,0,1,1747,1748,0,0,0,35,0,0,,,,,,,,,2047,2048,0,8,0,33,0,0
2025-12-09T16:16:25.092Z,2347,2012,33618,254,4,35,0,1,1747,1748,0,0,0,35,0,0,,,,,,,,,2047,2043,32968,1056,1,33,0,0
2025-12-09T16:16:25.193Z,2347,1959,33118,116,4,35,0,1,1747,1748,0,0,0,35,0,0,,,,,,,,,2047,2044,0,1048,1,33,0,0
2025-12-09T16:16:25.294Z,2347,1957,100,1164,2,35,0,1,1747,1748,0,0,0,35,0,0,,,,,,,,,2047,2044,0,1048,1,33,0,0
2025-12-09T16:16:25.395Z,2347,2018,750,1273,4,35,0,1,1747,1748,0,0,0,35,0,0,,,,,,,,,2047,2044,0,1048,1,33,0,0
2025-12-09T16:16:25.495Z,2347,2128,1200,1435,8,35,0,1,1747,1748,0,0,0,35,0,0,,,,,,,,,2047,2044,0,1048,1,33,0,0
2025-12-09T16:16:25.595Z,2347,2250,1350,1278,0,35,0,1,1747,1748,0,0,0,35,0,0,,,,,,,,,2047,2045,0,1040,0,33,0,0
2025-12-09T16:16:25.696Z,2347,2323,600,1161,1,35,0,1,1747,1748,0,0,0,35,0,0,,,,,,,,,2047,2046,0,1032,0,33,0,0
2025-12-09T16:16:25.796Z,2347,2345,100,1044,0,35,0,1,1747,1748,0,0,0,35,0,0,,,,,,,,,2047,2046,0,1032,0,33,0,0
2025-12-09T16:16:25.897Z,2347,2345,0,1052,0,35,0,0,1747,1748,0,0,0,35,0,0,,,,,,,,,2047,2046,0,1032,0,33,0,0
2025-12-09T16:16:25.998Z,2347,2345,0,1052,1,35,0,0,1747,1748,0,0,0,35,0,0,,,,,,,,,2047,2046,0,1032,0,33,0,0
2025-12-09T16:16:26.099Z,2347,2346,0,0,0,35,0,0,2147,1748,0,0,0,35,0,0,,,,,,,,,2047,2046,0,1032,0,33,0,0
2025-12-09T16:16:26.200Z,2347,2346,0,0,0,35,0,0,2147,1748,0,1214,7,35,0,1,,,,,,,,,2047,2046,0,1032,0,33,0,0
2025-12-09T16:16:26.301Z,2347,2346,0,0,0,35,0,0,2147,1804,700,1281,5,35,0,1,,,,,,,,,2047,2046,0,1032,0,33,0,0
2025-12-09T16:16:26.402Z,2347,2346,0,0,0,35,0,0,2147,1907,1200,1435,10,35,0,1,,,,,,,,,2047,2050,0,24,1,32,0,0
2025-12-09T16:16:26.503Z,2347,2346,0,0,0,35,0,0,2147,2034,1150,1344,8,35,0,1,,,,,,,,,2047,2048,0,8,0,33,0,0
2025-12-09T16:16:26.604Z,2347,2346,0,0,0,35,0,0,1747,2114,650,1203,4,53,0,1,,,,,,,,,2047,2049,50,16,0,33,0,0
2025-12-09T16:16:26.705Z,2347,2346,0,0,0,35,0,0,1747,2141,150,1053,1,35,0,1,,,,,,,,,2047,2049,0,16,0,33,0,0
2025-12-09T16:16:26.805Z,2347,2346,0,0,0,35,0,0,1747,2112,33168,178,2,35,0,1,,,,,,,,,2047,2049,0,16,0,33,0,0
2025-12-09T16:16:26.906Z,2347,2346,0,0,0,35,0,0,1747,2030,33668,340,5,35,0,1,,,,,,,,,2047,2049,0,16,0,33,0,0
2025-12-09T16:16:27.007Z,2347,2346,0,0,0,35,0,0,1747,1900,34168,316,0,35,0,1,,,,,,,,,2047,2048,0,8,0,33,0,0
2025-12-09T16:16:27.108Z,2347,2346,0,0,0,35,0,0,1747,1802,33718,179,0,35,0,1,,,,,,,,,2047,2045,0,1040,0,33,0,0
2025-12-09T16:16:27.207Z,2347,2346,0,0,0,35,0,0,1747,1753,33068,54,0,35,0,1,,,,,,,,,2047,2046,0,1032,0,33,0,0
2025-12-09T16:16:27.308Z,2347,2346,0,0,0,35,0,0,1747,1748,0,0,0,35,0,0,,,,,,,,,2047,2046,0,1032,0,33,0,0
2025-12-09T16:16:27.409Z,2347,2346,0,0,0,35,0,0,1747,1748,0,0,0,35,0,0,,,,,,,,,2047,2046,0,1032,0,33,0,0
2025-12-09T16:16:27.509Z,2347,2346,0,0,0,35,0,0,1747,1748,0,0,0,35,0,0,,,,,,,,,1947,2046,0,1032,0,33,0,0
2025-12-09T16:16:27.610Z,2347,2346,0,0,0,35,0,0,1747,1748,0,0,0,35,0,0,,,,,,,,,1947,2046,0,0,0,33,0,1
2025-12-09T16:16:27.711Z,2347,2346,0,0,0,35,0,0,1747,1748,0,0,0,35,0,0,,,,,,,,,1947,2038,32968,64,5,33,0,1
2025-12-09T16:16:27.812Z,2347,2346,0,0,0,35,0,0,1747,1748,0,0,0,35,0,0,,,,,,,,,1947,2005,33118,108,10,33,0,1
2025-12-09T16:16:27.913Z,2347,2346,0,0,0,35,0,0,1747,1746,50,20,0,35,0,0,,,,,,,,,1947,1968,33068,72,6,33,0,1
2025-12-09T16:16:28.013Z,2347,2346,0,0,0,35,0,0,1747,1745,0,1052,1,35,0,0,,,,,,,,,1947,1951,32868,32,1,33,0,1
2025-12-09T16:16:28.114Z,2347,2346,0,0,0,35,0,0,1747,1745,0,1052,1,35,0,0,,,,,,,,,1947,1951,0,32,2,33,0,0
2025-12-09T16:16:28.215Z,2347,2346,0,0,0,35,0,0,1747,1745,0,1052,1,35,0,0,,,,,,,,,1947,1951,0,32,2,33,0,0
2025-12-09T16:16:28.316Z,2347,2346,0,0,0,35,0,0,1747,1745,0,1052,1,35,0,0,,,,,,,,,1947,1951,0,32,2,33,0,0
2025-12-09T16:16:28.417Z,2347,2346,0,0,0,35,0,0,1747,1745,0,1052,0,35,0,0,,,,,,,,,1947,1951,0,32,2,33,0,0
2025-12-09T16:16:28.517Z,2347,2346,0,0,0,35,0,0,1747,1745,0,1052,1,35,0,0,,,,,,,,,2047,1951,0,32,2,33,0,0
2025-12-09T16:16:28.618Z,2347,2346,0,0,0,35,0,0,1747,1745,0,1052,1,35,0,0,,,,,,,,,2047,1950,0,24,1,33,0,1
2025-12-09T16:16:28.719Z,2347,2346,0,0,0,35,0,0,1747,1745,0,1052,1,35,0,0,,,,,,,,,2047,1956,100,1088,5,33,0,1
2025-12-09T16:16:28.820Z,2347,2346,0,0,0,35,0,0,1747,1745,0,1052,1,35,0,0,,,,,,,,,2047,1991,350,1108,8,33,0,1
2025-12-09T16:16:28.921Z,2347,2346,0,0,0,35,0,0,1747,1745,0,1052,1,35,0,0,,,,,,,,,2047,2028,350,1076,6,33,0,1
2025-12-09T16:16:29.022Z,2347,2346,0,0,0,35,0,0,1747,1745,0,1052,0,35,0,0,,,,,,,,,2047,2044,100,1048,0,33,0,1
2025-12-09T16:16:29.122Z,2347,2346,0,0,0,35,0,0,1747,1745,0,1052,0,35,0,0,,,,,,,,,2047,2045,0,1040,0,33,0,0
2025-12-09T16:16:29.223Z,2347,2346,0,0,0,35,0,0,1747,1745,0,1052,0,35,0,0,,,,,,,,,2047,2045,0,1040,1,33,0,0
2025-12-09T16:16:29.324Z,2347,2346,0,0,0,35,0,0,1747,1745,0,1052,1,35,0,0,,,,,,,,,2047,2045,0,1040,1,33,0,0
2025-12-09T16:16:29.424Z,2347,2346,0,0,0,35,0,0,1747,1745,0,1052,1,35,0,0,,,,,,,,,2047,2045,0,1040,0,33,0,0
2025-12-09T16:16:29.525Z,2347,2346,0,0,0,35,0,0,1747,1745,0,1052,1,35,0,0,,,,,,,,,2047,2045,0,1040,0,33,0,0
2025-12-09T16:16:29.626Z,1947,2346,0,0,0,35,0,0,1747,1745,0,1052,0,35,0,0,,,,,,,,,2047,2045,0,1040,0,33,0,0
2025-12-09T16:16:29.727Z,1947,2346,0,123,5,35,0,1,1747,1745,0,1052,0,35,0,0,,,,,,,,,2047,2045,0,1040,1,33,0,0
2025-12-09T16:16:29.828Z,1947,2300,33368,240,9,35,0,1,1747,1745,0,1052,0,35,0,0,,,,,,,,,2047,2045,0,1040,1,33,0,0
2025-12-09T16:16:29.929Z,1947,2205,33818,415,16,35,0,1,1747,1745,0,1052,1,35,0,0,,,,,,,,,2047,2045,0,1040,0,33,0,0
2025-12-09T16:16:30.029Z,1947,2074,33968,333,7,35,0,1,1747,1745,0,1052,0,35,0,0,,,,,,,,,2047,2045,0,1040,1,33,0,0
2025-12-09T16:16:30.129Z,2347,1988,33468,208,5,35,0,1,1747,1745,0,1052,1,35,0,0,,,,,,,,,2047,2045,0,1040,1,33,0,0
2025-12-09T16:16:30.230Z,2347,1952,32968,54,2,35,0,1,1747,1745,0,1052,1,35,0,0,,,,,,,,,2047,2044,0,1048,1,33,0,0
2025-12-09T16:16:30.330Z,2347,1971,400,1185,3,35,0,1,1747,1745,0,1052,1,35,0,0,,,,,,,,,2047,2044,0,1048,1,33,0,0
2025-12-09T16:16:30.431Z,2347,2049,850,1323,5,35,0,1,1747,1745,0,1052,1,35,0,0,,,,,,,,,2047,2044,0,1048,0,33,0,0
2025-12-09T16:16:30.532Z,2347,2173,1350,1373,0,35,0,1,1747,1745,0,1052,1,35,0,0,,,,,,,,,2047,2044,0,1048,1,33,0,0
2025-12-09T16:16:30.633Z,2347,2280,1000,1236,0,35,0,1,1747,1745,0,1052,0,35,0,0,,,,,,,,,2047,2045,0,1040,0,33,0,0
2025-12-09T16:16:30.733Z,2347,2336,400,1103,1,35,0,1,1747,1745,0,1052,1,35,0,0,,,,,,,,,2047,2045,0,1040,1,33,0,0
2025-12-09T16:16:30.834Z,2347,2345,0,1052,1,35,0,0,1747,1745,0,1052,1,35,0,0,,,,,,,,,2047,2045,0,1040,0,33,0,0
2025-12-09T16:16:30.935Z,2347,2346,0,0,0,35,0,0,1747,1745,0,1052,1,35,0,0,,,,,,,,,2047,2045,0,1040,0,33,0,0
2025-12-09T16:16:31.035Z,2347,2346,0,0,0,35,0,0,1747,1745,0,1052,0,35,0,0,,,,,,,,,2047,2045,0,1040,0,33,0,0
2025-12-09T16:16:31.136Z,2347,2346,0,0,0,35,0,0,2147,1745,0,1052,1,35,0,0,,,,,,,,,2047,2045,0,1040,0,33,0,0
2025-12-09T16:16:31.237Z,2347,2346,0,0,0,35,0,0,2147,1756,300,1152,3,35,0,1,,,,,,,,,2047,2045,0,1040,0,33,0,0
2025-12-09T16:16:31.337Z,2347,2346,0,0,0,35,0,0,2147,1816,700,1289,7,35,0,1,,,,,,,,,2047,2045,0,1040,0,33,0,0
2025-12-09T16:16:31.439Z,2347,2346,0,0,0,35,0,0,2147,1924,1250,1448,17,35,0,1,,,,,,,,,2047,2046,0,1032,0,33,0,0
2025-12-09T16:16:31.539Z,2347,2346,0,0,0,35,0,0,2147,2047,1100,1319,6,35,0,1,,,,,,,,,2047,2049,32818,16,0,33,0,0
2025-12-09T16:16:31.639Z,2347,2346,0,0,0,35,0,0,1747,2120,600,1194,4,35,0,1,,,,,,,,,2047,2049,0,16,0,33,0,0
2025-12-09T16:16:31.740Z,2347,2346,0,0,0,39,0,0,1747,2141,50,28,1,35,0,1,,,,,,,,,2047,2049,0,16,1,33,0,0
2025-12-09T16:16:31.842Z,2347,2346,0,0,0,35,0,0,1747,2106,33268,186,3,35,0,1,,,,,,,,,2047,2049,0,16,0,33,0,0
2025-12-09T16:16:31.942Z,2347,2346,0,0,0,35,0,0,1747,2016,33918,332,4,35,0,1,,,,,,,,,2047,2049,0,16,1,33,0,0
2025-12-09T16:16:32.042Z,2347,2346,0,0,0,35,0,0,1747,1886,34018,308,0,35,0,1,,,,,,,,,2047,2048,0,8,0,33,0,0
2025-12-09T16:16:32.144Z,2347,2346,0,0,0,35,0,0,1747,1792,33618,158,0,35,0,1,,,,,,,,,2047,2046,50,1032,0,33,0,0
2025-12-09T16:16:32.244Z,2347,2346,0,0,0,35,0,0,1747,1750,33018,29,0,35,0,1,,,,,,,,,2047,2046,0,1032,0,33,0,0
2025-12-09T16:16:32.344Z,2347,2346,0,0,0,35,0,0,1747,1748,0,0,0,35,0,0,,,,,,,,,2047,2046,0,1032,0,33,0,0
2025-12-09T16:16:32.446Z,2347,2346,0,0,0,35,0,0,1747,1748,0,0,0,35,0,0,,,,,,,,,2047,2046,0,1032,0,33,0,0
2025-12-09T16:16:32.546Z,2347,2346,0,0,0,35,0,0,1747,1748,0,0,0,35,0,0,,,,,,,,,2047,2046,0,1032,1,33,0,0
2025-12-09T16:16:32.646Z,1947,2346,0,0,0,35,0,0,1747,1748,0,0,0,35,0,0,,,,,,,,,2047,2046,0,1032,0,33,0,0
2025-12-09T16:16:32.747Z,1947,2346,0,202,8,35,0,1,1747,1748,0,0,0,35,0,0,,,,,,,,,2047,2046,0,1032,0,33,0,0
2025-12-09T16:16:32.848Z,1947,2289,33418,274,7,35,0,1,1747,1748,0,0,0,35,0,0,,,,,,,,,2047,2046,0,1032,0,33,0,0
2025-12-09T16:16:32.949Z,1947,2185,33918,436,14,35,0,1,1747,1748,0,0,0,35,0,0,,,,,,,,,2047,2046,0,1032,0,33,0,0
2025-12-09T16:16:33.050Z,1947,2057,33918,320,7,35,0,1,1747,1748,0,0,0,35,0,0,,,,,,,,,2047,2045,32818,1040,0,33,0,0
2025-12-09T16:16:33.151Z,2347,1979,33418,191,5,35,0,1,1747,1748,0,0,0,35,0,0,,,,,,,,,2047,2045,0,1040,0,33,0,0
2025-12-09T16:16:33.251Z,2347,1952,32818,20,0,35,0,1,1747,1748,0,0,0,35,0,0,,,,,,,,,2047,2045,0,1040,1,33,0,0
2025-12-09T16:16:33.351Z,2347,1981,550,1210,2,35,0,1,1747,1748,0,0,0,35,0,0,,,,,,,,,2047,2045,0,1040,1,33,0,0
2025-12-09T16:16:33.452Z,2347,2065,1000,1364,5,35,0,1,1747,1748,0,0,0,35,0,0,,,,,,,,,2047,2045,0,1040,0,33,0,0
2025-12-09T16:16:33.553Z,2347,2194,1250,1377,4,35,0,1,1747,1748,0,0,0,35,0,0,,,,,,,,,2047,2045,0,1040,1,33,0,0
2025-12-09T16:16:33.654Z,2347,2294,800,1219,1,35,0,1,1747,1748,0,0,0,35,0,0,,,,,,,,,2047,2046,0,1032,0,33,0,0
2025-12-09T16:16:33.756Z,2347,2341,300,1078,0,35,0,1,1747,1748,0,0,0,35,0,0,,,,,,,,,2047,2046,0,1032,0,33,0,0
2025-12-09T16:16:33.856Z,2347,2345,0,1052,0,35,0,0,1747,1748,0,0,0,35,0,0,,,,,,,,,2047,2046,0,1032,0,33,0,0
2025-12-09T16:16:33.956Z,2347,2345,0,1052,1,35,0,0,1747,1748,0,0,0,35,0,0,,,,,,,,,2047,2046,0,1032,0,33,0,0
2025-12-09T16:16:34.057Z,2347,2345,0,1052,0,35,0,0,1747,1748,0,0,0,35,0,0,,,,,,,,,2147,2046,0,1032,0,33,0,0
2025-12-09T16:16:34.158Z,2347,2345,0,1052,0,35,0,0,1747,1748,0,0,0,35,0,0,,,,,,,,,2147,2047,0,1056,2,33,0,1
2025-12-09T16:16:34.259Z,2347,2345,0,1052,1,35,0,0,1747,1748,0,0,0,35,0,0,,,,,,,,,2147,2067,250,1092,7,33,0,1
2025-12-09T16:16:34.359Z,2347,2345,0,1052,0,35,0,0,1747,1748,0,0,0,35,0,0,,,,,,,,,2147,2107,450,1100,9,33,0,1
2025-12-09T16:16:34.460Z,2347,2345,0,1052,0,35,0,0,1747,1748,0,0,0,35,0,0,,,,,,,,,2147,2135,200,1080,4,33,0,1
2025-12-09T16:16:34.561Z,2347,2345,0,1052,0,35,0,0,1747,1748,0,0,0,35,0,0,,,,,,,,,2147,2143,0,1056,2,33,0,0
2025-12-09T16:16:34.662Z,2347,2345,0,1052,0,35,0,0,1747,1748,0,0,0,35,0,0,,,,,,,,,2147,2143,0,1056,2,33,0,0
2025-12-09T16:16:34.762Z,2347,2345,0,1052,1,35,0,0,1747,1748,0,0,0,35,0,0,,,,,,,,,2147,2143,0,1056,2,33,0,0
2025-12-09T16:16:34.864Z,2347,2346,0,0,0,35,0,0,1747,1748,0,0,0,35,0,0,,,,,,,,,2147,2143,0,1056,2,33,0,0
2025-12-09T16:16:34.964Z,2347,2346,0,0,0,35,0,0,1747,1748,0,0,0,35,0,0,,,,,,,,,2147,2143,0,1056,2,33,0,0
2025-12-09T16:16:35.065Z,2347,2346,0,0,0,35,0,0,1747,1748,0,0,0,35,0,0,,,,,,,,,2047,2143,0,1056,2,33,0,0
2025-12-09T16:16:35.165Z,2347,2346,0,0,0,35,0,0,1747,1748,0,0,0,35,0,0,,,,,,,,,2047,2143,0,16,0,33,0,1
2025-12-09T16:16:35.266Z,2347,2346,0,0,0,35,0,0,1747,1748,0,0,0,35,0,0,,,,,,,,,2047,2125,33018,92,7,33,0,1
2025-12-09T16:16:35.367Z,2347,2346,0,0,0,35,0,0,1747,1748,0,0,0,35,0,0,,,,,,,,,2047,2084,33168,80,6,33,0,1
2025-12-09T16:16:35.468Z,2347,2346,0,0,0,35,0,0,1747,1748,0,0,0,35,0,0,,,,,,,,,2047,2056,33018,48,2,33,0,1
2025-12-09T16:16:35.567Z,2347,2346,0,0,0,35,0,0,1747,1748,0,0,0,35,0,0,,,,,,,,,2047,2049,32818,16,0,33,0,1
2025-12-09T16:16:35.669Z,2347,2346,0,0,0,35,0,0,1747,1748,0,0,0,35,0,0,,,,,,,,,2047,2049,0,16,0,33,0,0
2025-12-09T16:16:35.770Z,2347,2346,0,0,0,35,0,0,1747,1748,0,0,1,35,0,0,,,,,,,,,2047,2049,0,16,0,33,0,0
2025-12-09T16:16:35.870Z,2347,2346,0,0,0,35,0,0,1747,1748,0,0,0,35,0,0,,,,,,,,,2047,2049,0,16,0,33,0,0
2025-12-09T16:16:35.971Z,2347,2346,0,0,0,35,0,0,1747,1748,0,0,0,35,0,0,,,,,,,,,2047,2049,0,16,0,33,0,0
2025-12-09T16:16:36.071Z,2347,2346,0,0,0,35,0,0,2147,1748,0,0,0,35,0,0,,,,,,,,,2047,2049,0,16,0,33,0,0
2025-12-09T16:16:36.172Z,2347,2346,0,0,0,35,0,0,2147,1748,0,0,0,35,0,1,,,,,,,,,2047,2049,0,16,1,33,0,0
2025-12-09T16:16:36.273Z,2347,2346,0,0,0,35,0,0,2147,1769,550,1186,1,35,0,1,,,,,,,,,2047,2049,0,16,1,33,0,0
2025-12-09T16:16:36.373Z,2347,2346,0,0,0,35,0,0,2147,1843,800,1356,10,35,0,1,,,,,,,,,2047,2049,0,16,0,33,0,0
2025-12-09T16:16:36.474Z,2347,2346,0,0,0,35,0,0,2147,1966,1400,1411,7,35,0,1,,,,,,,,,2047,2049,0,16,0,33,0,0
2025-12-09T16:16:36.574Z,2347,2346,0,0,0,35,0,0,1747,2073,950,1294,8,35,0,1,,,,,,,,,2047,2049,0,16,0,33,0,0
2025-12-09T16:16:36.675Z,2347,2346,0,0,0,35,0,0,1747,2131,500,1153,3,35,0,1,,,,,,,,,2047,2049,0,16,0,33,0,0
2025-12-09T16:16:36.775Z,2347,2346,0,0,0,35,0,0,1747,2138,0,90,1,35,0,1,,,,,,,,,2047,2049,0,16,0,33,0,0
2025-12-09T16:16:36.876Z,2347,2346,0,0,0,35,0,0,1747,2085,33368,240,3,35,0,1,,,,,,,,,2047,2049,0,16,1,33,0,0
2025-12-09T16:16:36.977Z,2347,2346,0,0,0,35,0,0,1747,1982,33968,403,7,35,0,1,,,,,,,,,2047,2049,0,16,1,33,0,0
2025-12-09T16:16:37.077Z,2347,2346,0,0,0,35,0,0,1747,1855,33768,303,5,35,0,1,,,,,,,,,2047,2049,0,16,1,33,0,0
2025-12-09T16:16:37.178Z,2347,2346,0,0,0,35,0,0,1747,1775,33318,137,2,35,0,1,,,,,,,,,2047,2049,0,16,0,33,0,0
2025-12-09T16:16:37.279Z,2347,2346,0,0,0,35,0,0,1747,1748,32818,1044,0,35,0,1,,,,,,,,,2047,2049,0,16,0,33,0,0
2025-12-09T16:16:37.379Z,2347,2346,0,0,0,35,0,0,1747,1748,0,0,0,35,0,0,,,,,,,,,2047,2049,0,16,0,33,0,0
2025-12-09T16:16:37.479Z,2347,2346,0,0,0,35,0,0,1747,1748,0,0,0,35,0,0,,,,,,,,,2047,2049,0,16,0,33,0,0
2025-12-09T16:16:37.581Z,2347,2346,0,0,0,35,0,0,1747,1748,0,0,0,35,0,0,,,,,,,,,2047,2049,0,16,0,33,0,0
2025-12-09T16:16:37.682Z,1947,2346,0,0,0,35,0,0,1747,1748,0,0,0,35,0,0,,,,,,,,,2047,2049,0,16,0,33,0,0
2025-12-09T16:16:37.783Z,1947,2345,0,256,9,35,0,1,1747,1748,0,0,0,35,0,0,,,,,,,,,2047,2049,0,16,1,33,0,0
2025-12-09T16:16:37.884Z,1947,2277,33468,290,7,35,0,1,1747,1748,0,0,0,35,0,0,,,,,,,,,2047,2049,0,16,0,33,0,0
2025-12-09T16:16:37.985Z,1947,2168,33968,453,13,35,0,1,1747,1748,0,0,0,35,0,0,,,,,,,,,2047,2049,0,16,0,33,0,0
2025-12-09T16:16:38.084Z,1947,2044,33818,299,6,35,0,1,1747,1748,0,0,0,35,0,0,,,,,,,,,2047,2043,32968,1056,1,33,0,0
2025-12-09T16:16:38.186Z,2347,1972,33268,170,4,35,0,1,1747,1748,0,0,0,35,0,0,,,,,,,,,2047,2044,0,1048,1,33,0,0
2025-12-09T16:16:38.287Z,2347,1952,0,1056,0,35,0,1,1747,1748,0,0,0,35,0,0,,,,,,,,,2047,2044,0,1048,0,33,0,0
2025-12-09T16:16:38.388Z,2347,1989,550,1223,3,35,0,1,1747,1748,0,0,0,35,0,0,,,,,,,,,2047,2044,0,1048,1,33,0,0
2025-12-09T16:16:38.489Z,2347,2080,1050,1373,7,35,0,1,1747,1748,0,0,0,35,0,0,,,,,,,,,2047,2044,0,1048,1,33,0,0
2025-12-09T16:16:38.590Z,2347,2202,850,1497,24,35,0,1,1747,1748,0,0,0,35,0,0,,,,,,,,,2047,2045,50,1040,0,33,0,0
2025-12-09T16:16:38.691Z,2347,2303,700,1207,1,35,0,1,1747,1748,0,0,0,35,0,0,,,,,,,,,2047,2046,0,1032,0,33,0,0
2025-12-09T16:16:38.792Z,2347,2343,250,1065,1,35,0,1,1747,1748,0,0,0,35,0,0,,,,,,,,,2047,2046,0,1032,0,33,0,0
2025-12-09T16:16:38.892Z,2347,2345,0,1052,0,35,0,0,1747,1748,0,0,0,35,0,0,,,,,,,,,2047,2046,0,1032,0,33,0,0
2025-12-09T16:16:38.994Z,2347,2345,0,1052,1,35,0,0,1747,1748,0,0,0,35,0,0,,,,,,,,,2047,2046,0,1032,0,33,0,0
2025-12-09T16:16:39.094Z,2347,2345,0,1052,0,35,0,0,2147,1748,0,0,0,35,0,0,,,,,,,,,2047,2046,0,1032,0,33,0,0
2025-12-09T16:16:39.195Z,2347,2345,0,1052,1,35,0,0,2147,1748,0,1052,1,35,0,1,,,,,,,,,2047,2046,0,1032,0,33,0,0
2025-12-09T16:16:39.296Z,2347,2345,0,1052,0,35,0,0,2147,1778,550,1231,4,35,0,1,,,,,,,,,2047,2046,0,1032,0,33,0,0
2025-12-09T16:16:39.396Z,2347,2345,0,1052,0,35,0,0,2147,1862,950,1389,10,35,0,1,,,,,,,,,2047,2046,0,1032,0,33,0,0
2025-12-09T16:16:39.497Z,2347,2345,0,1052,0,35,0,0,2147,1991,1350,1394,8,35,0,1,,,,,,,,,2047,2048,32918,8,0,33,0,0
2025-12-09T16:16:39.598Z,2347,2346,0,0,0,35,0,0,1747,2089,850,1269,6,35,0,1,,,,,,,,,2047,2048,0,8,0,33,0,0
2025-12-09T16:16:39.699Z,2347,2346,0,0,0,35,0,0,1747,2137,350,1119,2,35,0,1,,,,,,,,,2047,2049,0,16,0,33,0,0
2025-12-09T16:16:39.800Z,2347,2346,0,0,0,35,0,0,1747,2131,32918,136,2,35,0,1,,,,,,,,,2047,2049,0,16,0,33,0,0
2025-12-09T16:16:39.901Z,2347,2346,0,0,0,35,0,0,1747,2068,33468,278,3,35,0,1,,,,,,,,,2047,2049,0,16,0,33,0,0
2025-12-09T16:16:40.001Z,2347,2346,0,0,0,35,0,0,1747,1953,34068,411,9,35,0,1,,,,,,,,,2047,2048,0,8,0,33,0,0
2025-12-09T16:16:40.102Z,2347,2346,0,0,0,35,0,0,1747,1839,33518,336,9,35,0,1,,,,,,,,,2047,2046,0,1032,0,33,0,0
2025-12-09T16:16:40.203Z,2347,2346,0,0,0,35,0,0,1747,1766,33268,120,0,35,0,1,,,,,,,,,2047,2046,0,1032,0,33,0,0
2025-12-09T16:16:40.303Z,2347,2346,0,0,0,35,0,0,1747,1748,0,0,0,35,0,0,,,,,,,,,2047,2046,0,1032,0,33,0,0
2025-12-09T16:16:40.405Z,2347,2346,0,0,0,35,0,0,1747,1748,0,0,0,35,0,0,,,,,,,,,2047,2046,0,1032,0,33,0,0
2025-12-09T16:16:40.506Z,2347,2346,0,0,0,35,0,0,1747,1748,0,0,0,35,0,0,,,,,,,,,2047,2046,0,1032,0,33,0,0
2025-12-09T16:16:40.607Z,2347,2346,0,0,0,35,0,0,1747,1748,0,0,0,35,0,0,,,,,,,,,1947,2046,0,1032,0,33,0,0
2025-12-09T16:16:40.707Z,2347,2346,0,0,0,35,0,0,1747,1748,0,0,0,35,0,0,,,,,,,,,1947,2044,0,56,4,33,0,1
2025-12-09T16:16:40.807Z,2347,2346,0,0,0,35,0,0,1747,1748,0,0,0,35,0,0,,,,,,,,,1947,2016,33118,88,8,33,0,1
2025-12-09T16:16:40.908Z,2347,2346,0,0,0,35,0,0,1747,1743,33018,1089,1,35,0,0,,,,,,,,,1947,1977,33118,80,8,33,0,1
2025-12-09T16:16:41.009Z,2347,2346,0,0,0,35,0,0,1747,1745,0,1052,0,35,0,0,,,,,,,,,1947,1954,32918,48,3,33,0,1
2025-12-09T16:16:41.109Z,2347,2346,0,0,0,35,0,0,1747,1745,0,1052,1,35,0,0,,,,,,,,,1947,1951,0,32,2,33,0,0
2025-12-09T16:16:41.210Z,2347,2346,0,0,0,35,0,0,1747,1745,0,1052,0,35,0,0,,,,,,,,,1947,1951,0,32,2,33,0,0
2025-12-09T16:16:41.311Z,2347,2346,0,0,0,35,0,0,1747,1745,0,1052,1,35,0,0,,,,,,,,,1947,1951,0,32,2,33,0,0
2025-12-09T16:16:41.410Z,2347,2346,0,0,0,35,0,0,1747,1745,0,1052,0,35,0,0,,,,,,,,,1947,1951,0,32,2,33,0,0
2025-12-09T16:16:41.511Z,2347,2346,0,0,0,35,0,0,1747,1745,0,1052,1,35,0,0,,,,,,,,,1947,1951,0,32,2,33,0,0
2025-12-09T16:16:41.612Z,2347,2346,0,0,0,35,0,0,1747,1745,0,1052,0,35,0,0,,,,,,,,,2047,1951,0,32,2,33,0,0
2025-12-09T16:16:41.714Z,2347,2346,0,0,0,35,0,0,1747,1745,0,1052,1,35,0,0,,,,,,,,,2047,1952,0,1068,1,33,0,1
2025-12-09T16:16:41.815Z,2347,2346,0,0,0,37,0,0,1747,1745,0,1052,0,35,0,0,,,,,,,,,2047,1978,300,1100,9,33,0,1
2025-12-09T16:16:41.915Z,2347,2346,0,0,0,35,0,0,1747,1745,0,1052,1,35,0,0,,,,,,,,,2047,2018,400,1096,6,33,0,1
2025-12-09T16:16:42.016Z,2347,2346,0,0,0,35,0,0,1747,1745,0,1052,0,35,0,0,,,,,,,,,2047,2041,200,1056,2,33,0,1
